baseline,free_prop
19.834402886102907,57.84410489606671
18.947038813028485,55.73320240492467
19.37518731399905,56.896721643046476
19.247004433069378,56.15595189703163
18.8315973340068,55.435831252951175
19.2549886519555,57.618788874009624
19.111072682077065,63.4294219550211
18.889080266933888,62.996198841021396
19.29698757606093,65.96550038107671
19.212525059003383,64.9425714550307
